{"Z":{"0":13.85,"1":16.7,"2":null},"currImage":{"0":"16-06-05_17-25-17_Single_0026_frame52.img","1":"16-06-05_17-25-17_Single_0026_frame51.img","2":"16-06-05_17-25-17_Single_0026_frame50.img"},"currRect":{"0":[117,202,650,736],"1":[200,268,625,701],"2":[257,317,615,677]},"egoMotion":{"0":[[0.9999995784,-0.000895476,-0.0002032839,0.0562752837],[0.0008955238,0.9999995714,0.0002351438,-0.0588343605],[0.0002030732,-0.0002353257,0.9999999517,-2.8909731299],[0.0,0.0,0.0,1.0]],"1":[[0.9999966311,-0.0025956984,-0.0000097658,0.0534051704],[0.0025956912,0.9999964,-0.000680046,-0.0512130713],[0.0000115309,0.0006800184,0.9999997687,-2.8886340122],[0.0,0.0,0.0,1.0]],"2":[[0.9999998869,0.0004696885,0.0000742729,0.0569971963],[-0.0004695262,0.9999975347,-0.0021702789,-0.0487108894],[-0.0000752921,0.0021702437,0.9999976422,-2.8855255946],[0.0,0.0,0.0,1.0]]},"focal":{"0":1612,"1":1612,"2":1612},"prevImage":{"0":"16-06-05_17-25-17_Single_0026_frame51.img","1":"16-06-05_17-25-17_Single_0026_frame50.img","2":"16-06-05_17-25-17_Single_0026_frame49.img"},"prevRect":{"0":[200,268,625,701],"1":[257,317,615,677],"2":[299,351,605,659]}}